Date,Value
01-01-2000,70
02-01-2000,88
03-01-2000,137
04-01-2000,212
05-01-2000,324
06-01-2000,140
07-01-2000,198
08-01-2000,215
09-01-2000,237
10-01-2000,243
11-01-2000,147
12-01-2000,167
13-01-2000,184
14-01-2000,195
15-01-2000,191
16-01-2000,171
17-01-2000,104
18-01-2000,197
19-01-2000,55
20-01-2000,85
21-01-2000,180
22-01-2000,121
23-01-2000,236
24-01-2000,193
25-01-2000,97
26-01-2000,115
27-01-2000,150
28-01-2000,313
29-01-2000,420
30-01-2000,419
31-01-2000,379
01-02-2000,396
02-02-2000,359
03-02-2000,267
04-02-2000,102
05-02-2000,194
06-02-2000,136
07-02-2000,372
08-02-2000,454
09-02-2000,461
10-02-2000,281
11-02-2000,245
12-02-2000,244
13-02-2000,215
14-02-2000,206
15-02-2000,115
16-02-2000,217
17-02-2000,247
18-02-2000,114
19-02-2000,140
20-02-2000,180
21-02-2000,150
22-02-2000,162
23-02-2000,199
24-02-2000,207
25-02-2000,167
26-02-2000,126
27-02-2000,132
28-02-2000,158
29-02-2000,
01-03-2000,320
02-03-2000,291
03-03-2000,121
04-03-2000,251
05-03-2000,193
06-03-2000,180
07-03-2000,236
08-03-2000,385
09-03-2000,458
10-03-2000,358
11-03-2000,100
12-03-2000,166
13-03-2000,115
14-03-2000,170
15-03-2000,213
16-03-2000,167
17-03-2000,173
18-03-2000,128
19-03-2000,117
20-03-2000,205
21-03-2000,170
22-03-2000,187
23-03-2000,224
24-03-2000,197
25-03-2000,201
26-03-2000,175
27-03-2000,219
28-03-2000,271
29-03-2000,233
30-03-2000,180
31-03-2000,267
01-04-2000,207
02-04-2000,190
03-04-2000,177
04-04-2000,130
05-04-2000,92
06-04-2000,174
07-04-2000,89
08-04-2000,85
09-04-2000,82
10-04-2000,152
11-04-2000,145
12-04-2000,159
13-04-2000,85
14-04-2000,117
15-04-2000,141
16-04-2000,134
17-04-2000,173
18-04-2000,171
19-04-2000,151
20-04-2000,156
21-04-2000,171
22-04-2000,158
23-04-2000,125
24-04-2000,112
25-04-2000,136
26-04-2000,168
27-04-2000,147
28-04-2000,129
29-04-2000,96
30-04-2000,70
01-05-2000,58
02-05-2000,156
03-05-2000,134
04-05-2000,139
05-05-2000,130
06-05-2000,99
07-05-2000,123
08-05-2000,170
09-05-2000,106
10-05-2000,135
11-05-2000,137
12-05-2000,161
13-05-2000,127
14-05-2000,120
15-05-2000,131
16-05-2000,148
17-05-2000,211
18-05-2000,146
19-05-2000,129
20-05-2000,97
21-05-2000,77
22-05-2000,93
23-05-2000,176
24-05-2000,131
25-05-2000,119
26-05-2000,109
27-05-2000,92
28-05-2000,81
29-05-2000,114
30-05-2000,119
31-05-2000,91
01-06-2000,102
02-06-2000,120
03-06-2000,73
04-06-2000,89
05-06-2000,99
06-06-2000,93
07-06-2000,99
08-06-2000,119
09-06-2000,85
10-06-2000,76
11-06-2000,51
12-06-2000,89
13-06-2000,98
14-06-2000,108
15-06-2000,115
16-06-2000,129
17-06-2000,81
18-06-2000,79
19-06-2000,68
20-06-2000,104
22-06-2000,172
23-06-2000,160
24-06-2000,123
25-06-2000,72
26-06-2000,128
27-06-2000,122
28-06-2000,128
29-06-2000,101
30-06-2000,96
01-07-2000,73
02-07-2000,82
03-07-2000,163
04-07-2000,144
05-07-2000,215
06-07-2000,233
07-07-2000,141
08-07-2000,85
09-07-2000,72
10-07-2000,94
11-07-2000,91
12-07-2000,90
13-07-2000,147
14-07-2000,113
15-07-2000,73
16-07-2000,37
17-07-2000,61
18-07-2000,56
19-07-2000,60
20-07-2000,49
21-07-2000,56
22-07-2000,34
23-07-2000,21
24-07-2000,61
25-07-2000,56
26-07-2000,60
27-07-2000,49
28-07-2000,56
29-07-2000,34
23-08-2000,214
24-08-2000,163
25-08-2000,64
26-08-2000,86
27-08-2000,100
28-08-2000,109
29-08-2000,99
30-08-2000,76
31-08-2000,96
01-09-2000,83
02-09-2000,148
03-09-2000,102
04-09-2000,115
05-09-2000,109
06-09-2000,83
07-09-2000,109
08-09-2000,118
09-09-2000,87
10-09-2000,103
11-09-2000,125
12-09-2000,154
13-09-2000,162
14-09-2000,174
15-09-2000,187
16-09-2000,98
17-09-2000,77
18-09-2000,118
19-09-2000,219
20-09-2000,209
21-09-2000,158
22-09-2000,205
23-09-2000,97
24-09-2000,97
25-09-2000,133
26-09-2000,134
27-09-2000,142
28-09-2000,158
29-09-2000,183
30-09-2000,182
01-10-2000,108
02-10-2000,109
03-10-2000,156
04-10-2000,165
05-10-2000,143
06-10-2000,159
07-10-2000,121
08-10-2000,133
09-10-2000,174
10-10-2000,154
11-10-2000,184
12-10-2000,185
13-10-2000,153
14-10-2000,139
15-10-2000,96
16-10-2000,162
17-10-2000,160
18-10-2000,136
19-10-2000,187
20-10-2000,170
21-10-2000,181
22-10-2000,199
23-10-2000,218
24-10-2000,260
25-10-2000,263
26-10-2000,215
27-10-2000,215
28-10-2000,112
29-10-2000,159
30-10-2000,205
31-10-2000,188
01-11-2000,156
02-11-2000,172
03-11-2000,190
04-11-2000,132
05-11-2000,138
06-11-2000,165
07-11-2000,212
08-11-2000,235
09-11-2000,224
10-11-2000,205
11-11-2000,141
12-11-2000,86
13-11-2000,94
14-11-2000,155
15-11-2000,185
16-11-2000,277
17-11-2000,342
18-11-2000,274
19-11-2000,147
20-11-2000,295
21-11-2000,327
22-11-2000,317
23-11-2000,268
24-11-2000,184
25-11-2000,157
26-11-2000,174
27-11-2000,217
28-11-2000,99
29-11-2000,186
30-11-2000,280
01-12-2000,323
02-12-2000,327
03-12-2000,250
04-12-2000,244
05-12-2000,288
06-12-2000,218
07-12-2000,180
08-12-2000,201
09-12-2000,228
10-12-2000,174
11-12-2000,155
12-12-2000,225
13-12-2000,312
14-12-2000,288
15-12-2000,243
16-12-2000,234
17-12-2000,223
18-12-2000,263
19-12-2000,176
20-12-2000,226
21-12-2000,179
22-12-2000,174
23-12-2000,190
24-12-2000,246
25-12-2000,301
26-12-2000,271
27-12-2000,500
28-12-2000,64
29-12-2000,211
30-12-2000,271
31-12-2000,164
01-01-2001,92
02-01-2001,202
03-01-2001,241
04-01-2001,290
05-01-2001,284
06-01-2001,202
07-01-2001,179
08-01-2001,192
09-01-2001,180
10-01-2001,245
11-01-2001,247
12-01-2001,292
13-01-2001,299
14-01-2001,121
15-01-2001,176
16-01-2001,238
17-01-2001,222
18-01-2001,196
19-01-2001,190
20-01-2001,184
21-01-2001,174
22-01-2001,187
23-01-2001,242
30-01-2001,126
31-01-2001,127
01-02-2001,159
02-02-2001,109
03-02-2001,112
04-02-2001,201
05-02-2001,331
06-02-2001,407
07-02-2001,394
08-02-2001,294
09-02-2001,274
10-02-2001,241
11-02-2001,174
12-02-2001,168
13-02-2001,198
14-02-2001,202
15-02-2001,144
16-02-2001,147
17-02-2001,225
18-02-2001,236
19-02-2001,125
20-02-2001,78
21-02-2001,99
22-02-2001,150
23-02-2001,150
24-02-2001,229
25-02-2001,214
26-02-2001,144
27-02-2001,129
28-02-2001,149
01-03-2001,124
02-03-2001,172
03-03-2001,60
04-03-2001,227
05-03-2001,348
06-03-2001,244
07-03-2001,139
08-03-2001,204
09-03-2001,230
10-03-2001,178
11-03-2001,136
12-03-2001,156
13-03-2001,125
16-03-2001,263
17-03-2001,161
18-03-2001,130
19-03-2001,215
20-03-2001,202
21-03-2001,179
22-03-2001,197
23-03-2001,98
24-03-2001,105
25-03-2001,109
26-03-2001,377
27-03-2001,250
28-03-2001,128
29-03-2001,123
30-03-2001,137
31-03-2001,109
01-04-2001,71
02-04-2001,124
03-04-2001,171
04-04-2001,178
05-04-2001,181
06-04-2001,167
07-04-2001,120
08-04-2001,117
09-04-2001,140
10-04-2001,185
11-04-2001,150
12-04-2001,130
13-04-2001,88
14-04-2001,58
15-04-2001,50
16-04-2001,80
17-04-2001,156
18-04-2001,195
19-04-2001,184
20-04-2001,164
21-04-2001,150
22-04-2001,91
23-04-2001,114
24-04-2001,128
25-04-2001,152
26-04-2001,115
27-04-2001,102
28-04-2001,95
29-04-2001,84
30-04-2001,112
01-05-2001,37
02-05-2001,111
03-05-2001,111
04-05-2001,130
05-05-2001,118
06-05-2001,90
07-05-2001,139
08-05-2001,144
09-05-2001,152
10-05-2001,160
11-05-2001,155
12-05-2001,162
13-05-2001,123
14-05-2001,102
15-05-2001,138
16-05-2001,104
17-05-2001,60
18-05-2001,95
19-05-2001,104
20-05-2001,61
21-05-2001,80
22-05-2001,72
25-05-2001,98
26-05-2001,97
27-05-2001,61
28-05-2001,143
29-05-2001,92
30-05-2001,117
31-05-2001,82
01-06-2001,102
02-06-2001,63
03-06-2001,41
04-06-2001,70
05-06-2001,65
06-06-2001,96
07-06-2001,126
08-06-2001,103
09-06-2001,84
10-06-2001,67
11-06-2001,129
12-06-2001,175
13-06-2001,75
14-06-2001,88
15-06-2001,80
16-06-2001,74
17-06-2001,48
18-06-2001,69
19-06-2001,87
20-06-2001,80
21-06-2001,77
22-06-2001,71
23-06-2001,60
24-06-2001,61
25-06-2001,99
26-06-2001,174
27-06-2001,147
30-06-2001,100
01-07-2001,64
02-07-2001,154
03-07-2001,142
04-07-2001,113
05-07-2001,150
06-07-2001,187
07-07-2001,80
08-07-2001,73
09-07-2001,123
10-07-2001,151
11-07-2001,115
12-07-2001,79
13-07-2001,89
14-07-2001,85
15-07-2001,83
16-07-2001,88
17-07-2001,110
18-07-2001,159
19-07-2001,98
20-07-2001,102
21-07-2001,88
22-07-2001,77
23-07-2001,109
24-07-2001,109
25-07-2001,116
26-07-2001,90
27-07-2001,150
28-07-2001,87
29-07-2001,81
30-07-2001,120
31-07-2001,120
01-08-2001,153
02-08-2001,111
03-08-2001,77
04-08-2001,77
05-08-2001,55
06-08-2001,81
07-08-2001,84
08-08-2001,87
11-08-2001,110
12-08-2001,74
13-08-2001,157
14-08-2001,111
15-08-2001,53
16-08-2001,84
17-08-2001,96
18-08-2001,68
19-08-2001,74
20-08-2001,143
21-08-2001,122
22-08-2001,113
23-08-2001,135
24-08-2001,151
25-08-2001,119
26-08-2001,84
27-08-2001,119
28-08-2001,135
29-08-2001,111
30-08-2001,131
31-08-2001,100
01-09-2001,87
02-09-2001,107
03-09-2001,180
04-09-2001,154
05-09-2001,138
06-09-2001,126
07-09-2001,237
08-09-2001,107
09-09-2001,150
10-09-2001,151
11-09-2001,136
12-09-2001,220
15-09-2001,115
16-09-2001,109
17-09-2001,149
18-09-2001,183
19-09-2001,132
20-09-2001,275
21-09-2001,107
22-09-2001,82
23-09-2001,103
24-09-2001,145
25-09-2001,197
26-09-2001,145
27-09-2001,149
28-09-2001,201
29-09-2001,194
30-09-2001,161
01-10-2001,190
02-10-2001,186
03-10-2001,266
04-10-2001,354
05-10-2001,252
06-10-2001,143
07-10-2001,120
08-10-2001,153
09-10-2001,211
10-10-2001,233
11-10-2001,246
12-10-2001,231
13-10-2001,150
14-10-2001,171
15-10-2001,261
16-10-2001,284
01-11-2001,252
02-11-2001,97
03-11-2001,166
04-11-2001,146
05-11-2001,310
08-11-2001,259
09-11-2001,294
10-11-2001,278
11-11-2001,140
12-11-2001,196
13-11-2001,206
14-11-2001,197
15-11-2001,141
16-11-2001,162
17-11-2001,119
18-11-2001,213
19-11-2001,262
20-11-2001,150
21-11-2001,136
22-11-2001,273
23-11-2001,353
24-11-2001,67
25-11-2001,132
26-11-2001,347
27-11-2001,575
28-11-2001,376
29-11-2001,217
30-11-2001,162
01-12-2001,125
02-12-2001,104
03-12-2001,174
04-12-2001,190
05-12-2001,187
06-12-2001,186
07-12-2001,161
08-12-2001,116
09-12-2001,118
10-12-2001,225
11-12-2001,240
12-12-2001,201
13-12-2001,138
14-12-2001,192
15-12-2001,197
16-12-2001,117
17-12-2001,47
18-12-2001,72
19-12-2001,177
20-12-2001,279
21-12-2001,284
22-12-2001,300
23-12-2001,342
24-12-2001,249
25-12-2001,62
28-12-2001,168
29-12-2001,303
30-12-2001,507
31-12-2001,374
01-01-2002,32
02-01-2002,166
26-01-2002,200
27-01-2002,217
28-01-2002,188
29-01-2002,229
30-01-2002,356
31-01-2002,245
01-02-2002,154
02-02-2002,197
03-02-2002,203
04-02-2002,281
05-02-2002,246
06-02-2002,243
07-02-2002,260
08-02-2002,245
09-02-2002,291
10-02-2002,195
11-02-2002,110
12-02-2002,232
13-02-2002,301
14-02-2002,288
15-02-2002,211
16-02-2002,137
17-02-2002,138
18-02-2002,206
19-02-2002,200
20-02-2002,167
21-02-2002,169
22-02-2002,177
23-02-2002,157
24-02-2002,125
25-02-2002,108
26-02-2002,199
27-02-2002,209
28-02-2002,183
01-03-2002,209
02-03-2002,172
03-03-2002,156
04-03-2002,168
05-03-2002,122
06-03-2002,158
07-03-2002,146
08-03-2002,180
09-03-2002,108
10-03-2002,109
11-03-2002,123
12-03-2002,102
13-03-2002,105
14-03-2002,133
15-03-2002,126
16-03-2002,102
17-03-2002,47
19-03-2002,54
20-03-2002,94
21-03-2002,68
22-03-2002,86
23-03-2002,30
24-03-2002,49
25-03-2002,35
26-03-2002,128
27-03-2002,157
28-03-2002,165
29-03-2002,176
30-03-2002,143
31-03-2002,141
02-04-2002,120
03-04-2002,131
04-04-2002,119
05-04-2002,104
06-04-2002,105
07-04-2002,88
08-04-2002,80
09-04-2002,86
10-04-2002,97
11-04-2002,88
12-04-2002,128
13-04-2002,79
14-04-2002,56
15-04-2002,83
16-04-2002,109
17-04-2002,89
18-04-2002,108
19-04-2002,144
20-04-2002,110
21-04-2002,94
22-04-2002,98
23-04-2002,105
24-04-2002,98
25-04-2002,76
26-04-2002,96
27-04-2002,93
28-04-2002,81
29-04-2002,99
30-04-2002,82
01-05-2002,70
02-05-2002,97
03-05-2002,78
04-05-2002,54
05-05-2002,45
06-05-2002,53
07-05-2002,78
08-05-2002,82
09-05-2002,136
10-05-2002,98
11-05-2002,74
12-05-2002,50
13-05-2002,139
14-05-2002,146
15-05-2002,117
16-05-2002,129
17-05-2002,106
20-05-2002,59
21-05-2002,158
22-05-2002,92
23-05-2002,103
24-05-2002,93
25-05-2002,130
26-05-2002,125
27-05-2002,99
29-05-2002,97
30-05-2002,84
31-05-2002,100
01-06-2002,92
02-06-2002,47
03-06-2002,87
04-06-2002,88
05-06-2002,109
06-06-2002,77
07-06-2002,81
08-06-2002,60
09-06-2002,51
10-06-2002,99
11-06-2002,89
12-06-2002,101
13-06-2002,62
14-06-2002,64
15-06-2002,76
16-06-2002,51
17-06-2002,80
18-06-2002,45
19-06-2002,63
20-06-2002,77
21-06-2002,87
22-06-2002,66
23-06-2002,80
24-06-2002,88
25-06-2002,80
26-06-2002,80
27-06-2002,76
28-06-2002,64
29-06-2002,59
30-06-2002,39
02-07-2002,40
03-07-2002,54
04-07-2002,65
05-07-2002,73
06-07-2002,47
07-07-2002,38
08-07-2002,61
09-07-2002,79
10-07-2002,75
11-07-2002,79
12-07-2002,116
13-07-2002,49
14-07-2002,38
15-07-2002,63
16-07-2002,69
17-07-2002,57
18-07-2002,56
19-07-2002,42
20-07-2002,42
21-07-2002,23
22-07-2002,62
23-07-2002,44
24-07-2002,46
25-07-2002,36
26-07-2002,38
27-07-2002,36
28-07-2002,25
29-07-2002,42
30-07-2002,30
31-07-2002,31
01-08-2002,30
02-08-2002,63
03-08-2002,44
04-08-2002,32
05-08-2002,44
06-08-2002,69
07-08-2002,56
08-08-2002,62
09-08-2002,22
10-08-2002,16
11-08-2002,22
12-08-2002,39
13-08-2002,25
14-08-2002,29
15-08-2002,18
16-08-2002,25
17-08-2002,37
18-08-2002,41
21-08-2002,80
22-08-2002,67
23-08-2002,69
24-08-2002,50
25-08-2002,70
26-08-2002,75
27-08-2002,58
28-08-2002,86
29-08-2002,105
30-08-2002,118
31-08-2002,106
01-09-2002,61
02-09-2002,89
03-09-2002,90
04-09-2002,92
05-09-2002,98
06-09-2002,86
07-09-2002,65
08-09-2002,68
09-09-2002,113
10-09-2002,135
11-09-2002,159
12-09-2002,136
13-09-2002,125
14-09-2002,116
15-09-2002,113
16-09-2002,134
17-09-2002,154
18-09-2002,169
19-09-2002,146
20-09-2002,129
21-09-2002,105
22-09-2002,65
23-09-2002,175
24-09-2002,131
25-09-2002,120
26-09-2002,114
27-09-2002,154
28-09-2002,149
29-09-2002,128
30-09-2002,105
01-10-2002,103
02-10-2002,134
03-10-2002,134
04-10-2002,112
05-10-2002,121
06-10-2002,107
07-10-2002,108
08-10-2002,86
09-10-2002,130
10-10-2002,127
11-10-2002,100
12-10-2002,119
13-10-2002,77
14-10-2002,109
15-10-2002,101
16-10-2002,151
17-10-2002,139
18-10-2002,112
19-10-2002,131
20-10-2002,87
21-10-2002,141
22-10-2002,154
23-10-2002,187
24-10-2002,128
25-10-2002,164
26-10-2002,145
27-10-2002,197
28-10-2002,256
29-10-2002,110
30-10-2002,202
31-10-2002,294
01-11-2002,254
02-11-2002,259
03-11-2002,244
04-11-2002,323
05-11-2002,207
06-11-2002,170
07-11-2002,239
08-11-2002,207
09-11-2002,218
10-11-2002,186
11-11-2002,217
12-11-2002,347
13-11-2002,208
14-11-2002,194
15-11-2002,143
16-11-2002,90
17-11-2002,71
18-11-2002,107
19-11-2002,89
20-11-2002,87
21-11-2002,119
22-11-2002,137
23-11-2002,105
24-11-2002,168
25-11-2002,157
26-11-2002,257
27-11-2002,155
28-11-2002,146
29-11-2002,190
02-12-2002,94
03-12-2002,131
04-12-2002,103
05-12-2002,125
06-12-2002,112
07-12-2002,47
08-12-2002,117
09-12-2002,133
10-12-2002,151
11-12-2002,168
12-12-2002,216
13-12-2002,225
14-12-2002,201
15-12-2002,195
16-12-2002,190
17-12-2002,184
18-12-2002,181
19-12-2002,112
20-12-2002,129
21-12-2002,216
22-12-2002,286
23-12-2002,395
24-12-2002,186
25-12-2002,144
26-12-2002,142
27-12-2002,180
28-12-2002,218
29-12-2002,202
30-12-2002,212
31-12-2002,228
02-01-2003,95
03-01-2003,205
04-01-2003,274
05-01-2003,255
06-01-2003,178
07-01-2003,222
08-01-2003,328
09-01-2003,296
10-01-2003,185
11-01-2003,140
12-01-2003,67
13-01-2003,135
14-01-2003,122
15-01-2003,199
16-01-2003,271
17-01-2003,138
18-01-2003,162
19-01-2003,130
20-01-2003,190
21-01-2003,222
22-01-2003,303
23-01-2003,299
24-01-2003,235
25-01-2003,157
26-01-2003,188
27-01-2003,204
28-01-2003,205
29-01-2003,380
30-01-2003,263
31-01-2003,151
01-02-2003,237
02-02-2003,145
03-02-2003,202
04-02-2003,222
05-02-2003,120
06-02-2003,155
07-02-2003,98
08-02-2003,68
09-02-2003,91
10-02-2003,214
11-02-2003,177
12-02-2003,186
13-02-2003,174
14-02-2003,194
15-02-2003,133
16-02-2003,157
17-02-2003,166
18-02-2003,158
19-02-2003,173
20-02-2003,184
21-02-2003,171
22-02-2003,163
23-02-2003,130
24-02-2003,130
25-02-2003,177
26-02-2003,193
27-02-2003,130
28-02-2003,138
01-03-2003,180
02-03-2003,193
05-03-2003,142
06-03-2003,111
07-03-2003,144
08-03-2003,120
09-03-2003,107
10-03-2003,100
11-03-2003,87
12-03-2003,99
13-03-2003,126
14-03-2003,86
15-03-2003,92
16-03-2003,96
17-03-2003,135
18-03-2003,99
19-03-2003,82
20-03-2003,74
21-03-2003,44
22-03-2003,75
23-03-2003,61
24-03-2003,113
25-03-2003,94
26-03-2003,158
27-03-2003,133
28-03-2003,106
29-03-2003,82
30-03-2003,69
31-03-2003,90
01-04-2003,90
02-04-2003,80
03-04-2003,120
04-04-2003,103
05-04-2003,89
06-04-2003,70
07-04-2003,117
08-04-2003,145
09-04-2003,168
10-04-2003,142
11-04-2003,140
12-04-2003,112
13-04-2003,72
14-04-2003,96
15-04-2003,156
16-04-2003,85
17-04-2003,85
18-04-2003,103
19-04-2003,97
20-04-2003,71
01-05-2003,55
02-05-2003,101
03-05-2003,101
04-05-2003,125
05-05-2003,93
06-05-2003,92
07-05-2003,73
08-05-2003,91
09-05-2003,90
10-05-2003,105
11-05-2003,70
12-05-2003,87
13-05-2003,68
14-05-2003,74
15-05-2003,72
16-05-2003,80
17-05-2003,42
18-05-2003,44
19-05-2003,95
20-05-2003,78
21-05-2003,78
22-05-2003,135
23-05-2003,145
24-05-2003,109
25-05-2003,63
26-05-2003,75
27-05-2003,91
28-05-2003,81
29-05-2003,107
30-05-2003,119
31-05-2003,64
01-06-2003,54
02-06-2003,71
03-06-2003,105
04-06-2003,77
05-06-2003,65
06-06-2003,82
07-06-2003,96
08-06-2003,88
09-06-2003,84
10-06-2003,79
11-06-2003,87
12-06-2003,82
13-06-2003,86
14-06-2003,86
15-06-2003,65
16-06-2003,101
17-06-2003,114
18-06-2003,107
19-06-2003,62
20-06-2003,89
21-06-2003,54
22-06-2003,78
23-06-2003,112
24-06-2003,108
25-06-2003,120
26-06-2003,146
27-06-2003,119
28-06-2003,67
29-06-2003,49
30-06-2003,99
01-07-2003,61
02-07-2003,70
03-07-2003,75
04-07-2003,97
05-07-2003,53
06-07-2003,50
07-07-2003,85
10-07-2003,92
11-07-2003,98
12-07-2003,90
13-07-2003,49
14-07-2003,99
15-07-2003,98
16-07-2003,104
17-07-2003,87
18-07-2003,74
19-07-2003,60
20-07-2003,64
21-07-2003,81
22-07-2003,69
23-07-2003,61
24-07-2003,63
25-07-2003,57
26-07-2003,43
27-07-2003,61
28-07-2003,86
29-07-2003,83
30-07-2003,99
31-07-2003,109
01-08-2003,78
02-08-2003,78
03-08-2003,57
04-08-2003,91
05-08-2003,68
06-08-2003,83
07-08-2003,78
08-08-2003,73
09-08-2003,65
10-08-2003,98
11-08-2003,115
12-08-2003,77
13-08-2003,71
14-08-2003,93
15-08-2003,52
16-08-2003,50
17-08-2003,46
18-08-2003,70
19-08-2003,62
20-08-2003,83
21-08-2003,103
22-08-2003,86
23-08-2003,64
24-08-2003,67
25-08-2003,130
26-08-2003,76
27-08-2003,86
28-08-2003,114
29-08-2003,101
30-08-2003,88
31-08-2003,95
01-09-2003,171
02-09-2003,90
03-09-2003,131
04-09-2003,149
05-09-2003,149
06-09-2003,113
07-09-2003,86
08-09-2003,139
09-09-2003,134
10-09-2003,116
11-09-2003,125
12-09-2003,143
13-09-2003,143
14-09-2003,115
15-09-2003,147
16-09-2003,144
17-09-2003,133
18-09-2003,184
19-09-2003,128
20-09-2003,104
21-09-2003,89
22-09-2003,210
23-09-2003,138
24-09-2003,133
25-09-2003,117
26-09-2003,165
27-09-2003,88
28-09-2003,97
29-09-2003,120
30-09-2003,121
01-10-2003,127
02-10-2003,109
03-10-2003,134
04-10-2003,104
05-10-2003,122
06-10-2003,121
07-10-2003,129
08-10-2003,101
09-10-2003,122
10-10-2003,147
11-10-2003,196
12-10-2003,205
13-10-2003,193
14-10-2003,170
15-10-2003,166
16-10-2003,168
17-10-2003,157
18-10-2003,169
19-10-2003,194
20-10-2003,206
21-10-2003,176
22-10-2003,371
23-10-2003,314
24-10-2003,202
25-10-2003,159
26-10-2003,156
27-10-2003,211
28-10-2003,119
29-10-2003,202
30-10-2003,149
31-10-2003,185
01-11-2003,278
02-11-2003,158
03-11-2003,190
04-11-2003,172
05-11-2003,152
06-11-2003,153
07-11-2003,183
08-11-2003,220
09-11-2003,146
10-11-2003,181
11-11-2003,224
12-11-2003,247
13-11-2003,215
14-11-2003,203
15-11-2003,145
16-11-2003,178
17-11-2003,220
18-11-2003,235
19-11-2003,234
20-11-2003,339
21-11-2003,277
22-11-2003,184
23-11-2003,191
24-11-2003,220
25-11-2003,234
26-11-2003,234
27-11-2003,258
28-11-2003,192
29-11-2003,170
30-11-2003,149
01-12-2003,185
02-12-2003,191
03-12-2003,174
04-12-2003,246
05-12-2003,233
06-12-2003,297
07-12-2003,129
08-12-2003,214
09-12-2003,260
10-12-2003,209
11-12-2003,189
12-12-2003,237
13-12-2003,211
14-12-2003,116
15-12-2003,148
16-12-2003,92
17-12-2003,122
18-12-2003,152
19-12-2003,221
20-12-2003,301
21-12-2003,281
22-12-2003,272
23-12-2003,304
24-12-2003,139
25-12-2003,84
26-12-2003,149
27-12-2003,246
28-12-2003,216
29-12-2003,242
30-12-2003,282
31-12-2003,137
01-01-2004,134
02-01-2004,156
03-01-2004,133
04-01-2004,120
05-01-2004,148
06-01-2004,55
07-01-2004,96
08-01-2004,126
09-01-2004,185
10-01-2004,146
11-01-2004,69
12-01-2004,185
13-01-2004,232
14-01-2004,279
15-01-2004,210
16-01-2004,120
17-01-2004,239
18-01-2004,239
19-01-2004,244
20-01-2004,274
21-01-2004,163
22-01-2004,65
23-01-2004,48
24-01-2004,66
25-01-2004,89
26-01-2004,159
27-01-2004,223
28-01-2004,276
29-01-2004,159
30-01-2004,179
31-01-2004,145
01-02-2004,119
02-02-2004,127
03-02-2004,98
04-02-2004,109
05-02-2004,164
06-02-2004,266
07-02-2004,265
08-02-2004,240
09-02-2004,224
10-02-2004,99
11-02-2004,173
12-02-2004,88
13-02-2004,103
14-02-2004,97
15-02-2004,155
16-02-2004,165
17-02-2004,172
18-02-2004,169
19-02-2004,215
20-02-2004,218
21-02-2004,136
22-02-2004,119
23-02-2004,146
24-02-2004,217
25-02-2004,273
26-02-2004,392
27-02-2004,280
28-02-2004,170
01-03-2004,147
02-03-2004,185
03-03-2004,154
04-03-2004,114
05-03-2004,117
06-03-2004,131
07-03-2004,125
08-03-2004,165
09-03-2004,181
10-03-2004,118
11-03-2004,182
12-03-2004,173
13-03-2004,149
14-03-2004,111
15-03-2004,154
16-03-2004,209
17-03-2004,215
18-03-2004,206
19-03-2004,147
20-03-2004,112
21-03-2004,93
22-03-2004,157
23-03-2004,154
24-03-2004,64
25-03-2004,61
26-03-2004,154
27-03-2004,67
28-03-2004,70
29-03-2004,53
30-03-2004,102
31-03-2004,81
01-04-2004,126
02-04-2004,119
03-04-2004,87
04-04-2004,71
05-04-2004,101
06-04-2004,90
07-04-2004,115
08-04-2004,86
09-04-2004,114
10-04-2004,106
11-04-2004,82
12-04-2004,136
13-04-2004,148
14-04-2004,106
15-04-2004,91
16-04-2004,80
17-04-2004,67
18-04-2004,109
19-04-2004,96
20-04-2004,140
21-04-2004,140
22-04-2004,155
23-04-2004,111
24-04-2004,97
25-04-2004,71
26-04-2004,128
27-04-2004,125
28-04-2004,85
29-04-2004,100
30-04-2004,102
01-05-2004,57
02-05-2004,60
03-05-2004,90
04-05-2004,128
05-05-2004,144
06-05-2004,125
07-05-2004,83
08-05-2004,75
09-05-2004,100
10-05-2004,100
11-05-2004,121
12-05-2004,106
13-05-2004,121
14-05-2004,100
15-05-2004,109
16-05-2004,68
17-05-2004,129
18-05-2004,145
19-05-2004,137
20-05-2004,117
21-05-2004,100
22-05-2004,83
23-05-2004,53
24-05-2004,105
25-05-2004,86
26-05-2004,79
27-05-2004,94
28-05-2004,82
29-05-2004,69
30-05-2004,71
31-05-2004,99
01-06-2004,84
02-06-2004,89
03-06-2004,71
04-06-2004,121
05-06-2004,118
06-06-2004,70
07-06-2004,133
08-06-2004,108
09-06-2004,111
10-06-2004,123
11-06-2004,51
12-06-2004,57
13-06-2004,55
14-06-2004,93
15-06-2004,58
16-06-2004,69
17-06-2004,98
18-06-2004,143
19-06-2004,86
20-06-2004,61
21-06-2004,86
22-06-2004,133
23-06-2004,122
24-06-2004,83
25-06-2004,64
26-06-2004,99
27-06-2004,72
28-06-2004,111
29-06-2004,80
30-06-2004,107
01-07-2004,48
02-07-2004,64
03-07-2004,50
04-07-2004,28
05-07-2004,57
06-07-2004,64
07-07-2004,87
08-07-2004,70
09-07-2004,74
10-07-2004,56
11-07-2004,57
12-07-2004,73
13-07-2004,75
14-07-2004,99
15-07-2004,106
16-07-2004,106
17-07-2004,58
18-07-2004,48
19-07-2004,78
20-07-2004,86
21-07-2004,60
22-07-2004,55
23-07-2004,89
24-07-2004,84
25-07-2004,37
26-07-2004,62
27-07-2004,71
28-07-2004,72
29-07-2004,83
30-07-2004,109
31-07-2004,79
01-08-2004,67
02-08-2004,107
03-08-2004,107
04-08-2004,83
05-08-2004,88
06-08-2004,75
07-08-2004,66
08-08-2004,28
09-08-2004,60
10-08-2004,98
11-08-2004,94
12-08-2004,70
13-08-2004,54
14-08-2004,44
15-08-2004,42
16-08-2004,86
17-08-2004,58
18-08-2004,68
19-08-2004,84
20-08-2004,77
21-08-2004,61
22-08-2004,57
23-08-2004,85
24-08-2004,74
25-08-2004,50
26-08-2004,71
27-08-2004,79
28-08-2004,54
29-08-2004,59
30-08-2004,87
31-08-2004,84
01-09-2004,67
02-09-2004,94
03-09-2004,90
04-09-2004,80
05-09-2004,85
06-09-2004,138
07-09-2004,167
08-09-2004,165
09-09-2004,130
10-09-2004,125
11-09-2004,106
12-09-2004,106
13-09-2004,152
14-09-2004,137
15-09-2004,152
16-09-2004,133
17-09-2004,97
18-09-2004,104
19-09-2004,94
20-09-2004,137
21-09-2004,134
22-09-2004,130
23-09-2004,111
24-09-2004,111
25-09-2004,115
26-09-2004,103
27-09-2004,148
28-09-2004,145
29-09-2004,139
30-09-2004,148
01-10-2004,177
02-10-2004,165
03-10-2004,118
04-10-2004,135
05-10-2004,161
06-10-2004,182
07-10-2004,141
08-10-2004,156
09-10-2004,146
10-10-2004,108
11-10-2004,146
12-10-2004,155
13-10-2004,160
14-10-2004,149
15-10-2004,196
16-10-2004,230
17-10-2004,167
18-10-2004,211
19-10-2004,201
20-10-2004,244
21-10-2004,163
22-10-2004,177
23-10-2004,122
24-10-2004,113
25-10-2004,150
26-10-2004,158
27-10-2004,159
28-10-2004,144
29-10-2004,178
30-10-2004,162
31-10-2004,140
01-11-2004,188
02-11-2004,257
03-11-2004,217
04-11-2004,159
05-11-2004,214
06-11-2004,233
07-11-2004,159
08-11-2004,117
09-11-2004,175
10-11-2004,249
11-11-2004,162
12-11-2004,188
13-11-2004,178
14-11-2004,82
15-11-2004,224
16-11-2004,149
17-11-2004,114
18-11-2004,227
19-11-2004,290
20-11-2004,97
21-11-2004,111
22-11-2004,148
23-11-2004,330
24-11-2004,218
25-11-2004,126
26-11-2004,206
27-11-2004,377
28-11-2004,323
29-11-2004,301
30-11-2004,365
01-12-2004,372
02-12-2004,362
03-12-2004,363
04-12-2004,290
05-12-2004,176
06-12-2004,166
07-12-2004,168
08-12-2004,228
09-12-2004,188
10-12-2004,190
11-12-2004,165
12-12-2004,200
13-12-2004,324
14-12-2004,224
15-12-2004,161
16-12-2004,185
17-12-2004,198
18-12-2004,138
19-12-2004,101
20-12-2004,190
21-12-2004,212
22-12-2004,210
23-12-2004,181
24-12-2004,206
25-12-2004,202
26-12-2004,182
27-12-2004,134
28-12-2004,205
29-12-2004,156
30-12-2004,175
31-12-2004,148
01-01-2005,107
02-01-2005,100
03-01-2005,170
04-01-2005,137
05-01-2005,143
06-01-2005,265
07-01-2005,96
08-01-2005,229
09-01-2005,354
10-01-2005,394
11-01-2005,351
12-01-2005,339
13-01-2005,315
14-01-2005,139
15-01-2005,117
16-01-2005,118
17-01-2005,130
18-01-2005,206
19-01-2005,205
20-01-2005,157
21-01-2005,252
22-01-2005,119
23-01-2005,81
24-01-2005,205
25-01-2005,261
26-01-2005,152
27-01-2005,184
28-01-2005,240
29-01-2005,143
30-01-2005,64
31-01-2005,130
01-02-2005,183
02-02-2005,99
03-02-2005,63
04-02-2005,108
05-02-2005,104
06-02-2005,110
07-02-2005,162
08-02-2005,186
09-02-2005,220
10-02-2005,186
11-02-2005,175
12-02-2005,205
13-02-2005,195
14-02-2005,133
15-02-2005,58
16-02-2005,177
17-02-2005,180
18-02-2005,130
19-02-2005,137
20-02-2005,161
21-02-2005,175
22-02-2005,205
23-02-2005,122
24-02-2005,173
25-02-2005,115
26-02-2005,128
27-02-2005,76
28-02-2005,113
01-03-2005,129
02-03-2005,133
03-03-2005,165
04-03-2005,176
05-03-2005,119
06-03-2005,109
07-03-2005,162
08-03-2005,86
09-03-2005,112
10-03-2005,100
11-03-2005,121
12-03-2005,220
13-03-2005,154
14-03-2005,162
15-03-2005,124
16-03-2005,148
17-03-2005,202
18-03-2005,181
19-03-2005,124
20-03-2005,108
21-03-2005,141
22-03-2005,132
23-03-2005,107
24-03-2005,88
25-03-2005,80
26-03-2005,68
27-03-2005,95
28-03-2005,132
29-03-2005,124
30-03-2005,103
31-03-2005,151
01-04-2005,106
02-04-2005,97
03-04-2005,74
04-04-2005,159
05-04-2005,110
06-04-2005,104
07-04-2005,93
08-04-2005,113
09-04-2005,104
10-04-2005,78
11-04-2005,129
12-04-2005,127
13-04-2005,110
14-04-2005,121
15-04-2005,134
16-04-2005,119
17-04-2005,96
18-04-2005,99
19-04-2005,121
20-04-2005,124
21-04-2005,94
22-04-2005,119
23-04-2005,79
24-04-2005,72
25-04-2005,108
26-04-2005,99
27-04-2005,88
28-04-2005,93
29-04-2005,49
30-04-2005,63
01-05-2005,32
02-05-2005,44
03-05-2005,103
04-05-2005,69
05-05-2005,66
06-05-2005,134
07-05-2005,53
08-05-2005,48
09-05-2005,79
10-05-2005,72
11-05-2005,49
12-05-2005,150
13-05-2005,91
14-05-2005,73
15-05-2005,49
16-05-2005,83
17-05-2005,76
18-05-2005,88
19-05-2005,71
20-05-2005,111
21-05-2005,82
22-05-2005,74
23-05-2005,79
24-05-2005,90
25-05-2005,115
26-05-2005,122
27-05-2005,129
28-05-2005,76
29-05-2005,93
30-05-2005,127
31-05-2005,96
01-06-2005,107
02-06-2005,82
03-06-2005,64
04-06-2005,57
05-06-2005,46
06-06-2005,68
07-06-2005,90
08-06-2005,122
09-06-2005,115
10-06-2005,95
11-06-2005,72
12-06-2005,56
13-06-2005,69
14-06-2005,55
15-06-2005,73
16-06-2005,89
17-06-2005,126
18-06-2005,79
19-06-2005,46
20-06-2005,57
21-06-2005,72
22-06-2005,96
23-06-2005,64
24-06-2005,83
25-06-2005,41
26-06-2005,45
27-06-2005,72
28-06-2005,82
29-06-2005,47
30-06-2005,69
01-07-2005,48
02-07-2005,56
03-07-2005,52
04-07-2005,89
05-07-2005,58
06-07-2005,57
07-07-2005,52
08-07-2005,36
09-07-2005,40
10-07-2005,33
11-07-2005,67
12-07-2005,84
13-07-2005,51
14-07-2005,76
15-07-2005,80
16-07-2005,59
17-07-2005,42
18-07-2005,93
19-07-2005,65
20-07-2005,100
21-07-2005,39
22-07-2005,30
23-07-2005,19
24-07-2005,15
25-07-2005,33
26-07-2005,18
27-07-2005,31
28-07-2005,28
29-07-2005,43
30-07-2005,32
31-07-2005,23
01-08-2005,33
02-08-2005,33
03-08-2005,24
04-08-2005,37
05-08-2005,42
06-08-2005,29
07-08-2005,15
08-08-2005,39
09-08-2005,32
10-08-2005,27
11-08-2005,31
12-08-2005,33
13-08-2005,18
14-08-2005,21
15-08-2005,13
16-08-2005,17
17-08-2005,49
18-08-2005,45
19-08-2005,49
20-08-2005,48
21-08-2005,23
22-08-2005,36
23-08-2005,42
24-08-2005,67
25-08-2005,47
26-08-2005,63
27-08-2005,41
28-08-2005,33
29-08-2005,51
30-08-2005,90
31-08-2005,74
01-09-2005,83
02-09-2005,79
03-09-2005,75
04-09-2005,47
05-09-2005,105
06-09-2005,100
07-09-2005,109
08-09-2005,98
09-09-2005,84
10-09-2005,63
11-09-2005,83
12-09-2005,128
13-09-2005,99
14-09-2005,130
15-09-2005,128
16-09-2005,105
17-09-2005,79
18-09-2005,66
19-09-2005,94
20-09-2005,107
21-09-2005,124
22-09-2005,133
23-09-2005,132
24-09-2005,106
25-09-2005,150
26-09-2005,110
27-09-2005,104
28-09-2005,102
29-09-2005,106
30-09-2005,104
01-10-2005,114
02-10-2005,94
03-10-2005,127
04-10-2005,134
05-10-2005,187
06-10-2005,155
07-10-2005,117
08-10-2005,85
09-10-2005,112
10-10-2005,166
11-10-2005,139
12-10-2005,109
13-10-2005,135
14-10-2005,115
15-10-2005,102
16-10-2005,73
17-10-2005,100
18-10-2005,112
19-10-2005,163
20-10-2005,182
21-10-2005,189
22-10-2005,144
23-10-2005,101
24-10-2005,142
25-10-2005,145
26-10-2005,142
27-10-2005,214
28-10-2005,90
29-10-2005,149
30-10-2005,117
31-10-2005,163
01-11-2005,143
02-11-2005,183
03-11-2005,151
04-11-2005,231
05-11-2005,211
06-11-2005,146
07-11-2005,217
08-11-2005,174
09-11-2005,153
10-11-2005,235
11-11-2005,205
12-11-2005,161
13-11-2005,137
14-11-2005,140
15-11-2005,205
16-11-2005,187
17-11-2005,175
18-11-2005,134
19-11-2005,88
20-11-2005,55
21-11-2005,205
22-11-2005,238
23-11-2005,145
24-11-2005,204
25-11-2005,238
26-11-2005,342
27-11-2005,162
28-11-2005,290
29-11-2005,299
30-11-2005,302
01-12-2005,240
02-12-2005,218
03-12-2005,243
04-12-2005,197
05-12-2005,277
06-12-2005,242
07-12-2005,228
08-12-2005,165
09-12-2005,186
10-12-2005,147
11-12-2005,130
12-12-2005,156
13-12-2005,216
14-12-2005,150
15-12-2005,171
16-12-2005,190
17-12-2005,227
18-12-2005,63
19-12-2005,101
20-12-2005,209
21-12-2005,261
22-12-2005,101
23-12-2005,60
24-12-2005,82
25-12-2005,133
26-12-2005,138
27-12-2005,126
28-12-2005,81
29-12-2005,181
30-12-2005,54
31-12-2005,109
01-01-2006,56
02-01-2006,98
03-01-2006,105
04-01-2006,78
05-01-2006,50
06-01-2006,47
07-01-2006,74
08-01-2006,54
09-01-2006,64
10-01-2006,98
11-01-2006,156
12-01-2006,145
13-01-2006,146
14-01-2006,188
15-01-2006,248
16-01-2006,379
17-01-2006,403
18-01-2006,433
19-01-2006,110
20-01-2006,100
21-01-2006,173
22-01-2006,138
23-01-2006,147
24-01-2006,87
25-01-2006,132
26-01-2006,155
27-01-2006,227
28-01-2006,202
29-01-2006,182
30-01-2006,274
31-01-2006,255
01-02-2006,183
02-02-2006,155
03-02-2006,215
04-02-2006,177
05-02-2006,117
06-02-2006,104
07-02-2006,104
08-02-2006,149
09-02-2006,219
10-02-2006,173
11-02-2006,115
12-02-2006,51
13-02-2006,99
14-02-2006,95
15-02-2006,141
16-02-2006,148
17-02-2006,154
18-02-2006,171
19-02-2006,229
20-02-2006,139
21-02-2006,81
22-02-2006,85
23-02-2006,117
24-02-2006,78
25-02-2006,106
26-02-2006,59
27-02-2006,139
28-02-2006,89
01-03-2006,135
02-03-2006,223
03-03-2006,118
04-03-2006,131
05-03-2006,100
06-03-2006,30
07-03-2006,78
08-03-2006,69
09-03-2006,83
10-03-2006,130
11-03-2006,107
12-03-2006,100
13-03-2006,100
14-03-2006,91
15-03-2006,87
16-03-2006,96
17-03-2006,123
18-03-2006,104
19-03-2006,59
20-03-2006,102
21-03-2006,98
22-03-2006,103
23-03-2006,134
24-03-2006,93
25-03-2006,66
26-03-2006,71
27-03-2006,128
28-03-2006,89
29-03-2006,108
30-03-2006,99
31-03-2006,115
01-04-2006,117
02-04-2006,82
03-04-2006,95
04-04-2006,78
05-04-2006,77
06-04-2006,103
07-04-2006,109
08-04-2006,59
09-04-2006,39
10-04-2006,87
11-04-2006,81
12-04-2006,49
13-04-2006,37
14-04-2006,83
15-04-2006,140
16-04-2006,128
17-04-2006,115
18-04-2006,69
19-04-2006,59
20-04-2006,74
21-04-2006,25
22-04-2006,49
23-04-2006,39
24-04-2006,54
25-04-2006,54
26-04-2006,48
27-04-2006,68
28-04-2006,71
29-04-2006,79
30-04-2006,61
01-05-2006,42
02-05-2006,55
03-05-2006,61
04-05-2006,63
05-05-2006,86
06-05-2006,74
07-05-2006,82
08-05-2006,72
09-05-2006,65
10-05-2006,92
11-05-2006,77
12-05-2006,90
13-05-2006,51
14-05-2006,39
15-05-2006,93
16-05-2006,68
17-05-2006,69
18-05-2006,63
19-05-2006,55
20-05-2006,52
21-05-2006,39
22-05-2006,74
23-05-2006,52
24-05-2006,73
25-05-2006,73
26-05-2006,83
27-05-2006,41
28-05-2006,50
29-05-2006,42
30-05-2006,43
31-05-2006,85
01-06-2006,47
02-06-2006,67
03-06-2006,38
04-06-2006,41
05-06-2006,78
06-06-2006,55
07-06-2006,64
08-06-2006,97
09-06-2006,103
10-06-2006,72
11-06-2006,50
12-06-2006,66
13-06-2006,72
14-06-2006,52
15-06-2006,72
16-06-2006,76
17-06-2006,51
18-06-2006,45
19-06-2006,61
20-06-2006,72
21-06-2006,91
22-06-2006,46
23-06-2006,62
24-06-2006,69
25-06-2006,36
26-06-2006,52
27-06-2006,50
28-06-2006,59
29-06-2006,52
30-06-2006,48
01-07-2006,38
02-07-2006,40
03-07-2006,85
04-07-2006,83
05-07-2006,93
06-07-2006,72
07-07-2006,52
08-07-2006,47
09-07-2006,46
10-07-2006,63
11-07-2006,83
12-07-2006,94
13-07-2006,79
14-07-2006,97
15-07-2006,55
16-07-2006,30
17-07-2006,71
18-07-2006,46
19-07-2006,64
20-07-2006,114
21-07-2006,33
22-07-2006,30
23-07-2006,26
24-07-2006,63
25-07-2006,40
26-07-2006,48
27-07-2006,35
28-07-2006,60
29-07-2006,23
30-07-2006,30
31-07-2006,23
01-08-2006,40
02-08-2006,38
03-08-2006,32
04-08-2006,32
05-08-2006,31
06-08-2006,30
07-08-2006,47
08-08-2006,78
09-08-2006,37
10-08-2006,45
11-08-2006,66
12-08-2006,34
13-08-2006,25
14-08-2006,75
15-08-2006,60
16-08-2006,50
17-08-2006,97
18-08-2006,68
19-08-2006,51
20-08-2006,34
21-08-2006,76
22-08-2006,101
23-08-2006,48
24-08-2006,49
25-08-2006,59
26-08-2006,43
27-08-2006,44
28-08-2006,83
29-08-2006,76
30-08-2006,80
31-08-2006,85
01-09-2006,101
02-09-2006,95
03-09-2006,88
04-09-2006,157
01-12-2006,198
02-12-2006,196
03-12-2006,161
04-12-2006,236
05-12-2006,228
06-12-2006,215
07-12-2006,221
08-12-2006,191
09-12-2006,144
10-12-2006,148
11-12-2006,179
12-12-2006,189
13-12-2006,164
14-12-2006,195
15-12-2006,232
16-12-2006,231
17-12-2006,213
18-12-2006,231
19-12-2006,239
20-12-2006,191
21-12-2006,152
22-12-2006,146
23-12-2006,144
24-12-2006,148
25-12-2006,104
26-12-2006,111
27-12-2006,166
28-12-2006,257
29-12-2006,238
30-12-2006,140
31-12-2006,187
01-01-2007,228
02-01-2007,231
03-01-2007,141
04-01-2007,181
05-01-2007,184
06-01-2007,161
07-01-2007,244
08-01-2007,291
09-01-2007,325
10-01-2007,337
11-01-2007,329
12-01-2007,280
13-01-2007,162
14-01-2007,278
15-01-2007,198
16-01-2007,262
17-01-2007,312
18-01-2007,299
19-01-2007,380
20-01-2007,139
21-01-2007,205
22-01-2007,185
23-01-2007,169
24-01-2007,85
25-01-2007,135
26-01-2007,167
27-01-2007,156
28-01-2007,120
29-01-2007,211
30-01-2007,191
31-01-2007,179
01-02-2007,249
02-02-2007,152
03-02-2007,163
04-02-2007,120
05-02-2007,198
06-02-2007,192
07-02-2007,318
08-02-2007,260
09-02-2007,268
10-02-2007,177
11-02-2007,182
12-02-2007,166
13-02-2007,209
14-02-2007,125
15-02-2007,144
16-02-2007,167
17-02-2007,118
18-02-2007,112
19-02-2007,98
20-02-2007,141
21-02-2007,216
22-02-2007,201
23-02-2007,187
24-02-2007,141
25-02-2007,122
26-02-2007,120
27-02-2007,165
28-02-2007,158
01-03-2007,153
02-03-2007,167
03-03-2007,148
04-03-2007,149
05-03-2007,120
06-03-2007,109
07-03-2007,106
08-03-2007,113
09-03-2007,131
10-03-2007,95
11-03-2007,94
12-03-2007,185
13-03-2007,156
14-03-2007,178
15-03-2007,170
16-03-2007,130
17-03-2007,100
18-03-2007,133
19-03-2007,141
20-03-2007,63
21-03-2007,94
22-03-2007,117
23-03-2007,96
24-03-2007,121
25-03-2007,101
26-03-2007,132
27-03-2007,128
28-03-2007,106
29-03-2007,144
30-03-2007,159
31-03-2007,92
01-04-2007,66
02-04-2007,105
03-04-2007,129
04-04-2007,123
05-04-2007,94
06-04-2007,101
07-04-2007,128
08-04-2007,104
09-04-2007,67
10-04-2007,157
11-04-2007,162
12-04-2007,105
13-04-2007,129
14-04-2007,135
15-04-2007,100
16-04-2007,152
17-04-2007,102
18-04-2007,111
19-04-2007,179
20-04-2007,89
21-04-2007,89
22-04-2007,75
23-04-2007,80
24-04-2007,121
25-04-2007,122
26-04-2007,81
27-04-2007,93
28-04-2007,105
29-04-2007,105
30-04-2007,103
01-05-2007,34
02-05-2007,127
03-05-2007,96
04-05-2007,124
05-05-2007,86
06-05-2007,98
07-05-2007,130
08-05-2007,138
09-05-2007,125
10-05-2007,123
11-05-2007,100
12-05-2007,85
13-05-2007,72
14-05-2007,90
15-05-2007,71
16-05-2007,110
17-05-2007,84
18-05-2007,124
19-05-2007,118
20-05-2007,116
21-05-2007,141
22-05-2007,124
23-05-2007,135
24-05-2007,115
25-05-2007,118
26-05-2007,75
27-05-2007,60
28-05-2007,62
29-05-2007,78
30-05-2007,94
31-05-2007,159
01-06-2007,93
02-06-2007,86
03-06-2007,81
04-06-2007,72
05-06-2007,119
06-06-2007,132
07-06-2007,132
08-06-2007,113
09-06-2007,90
10-06-2007,66
11-06-2007,67
12-06-2007,85
13-06-2007,83
14-06-2007,107
15-06-2007,108
16-06-2007,103
17-06-2007,111
18-06-2007,118
19-06-2007,167
20-06-2007,166
21-06-2007,90
22-06-2007,107
23-06-2007,79
24-06-2007,56
25-06-2007,95
26-06-2007,97
27-06-2007,188
28-06-2007,152
29-06-2007,110
30-06-2007,63
01-07-2007,42
02-07-2007,64
03-07-2007,81
04-07-2007,80
05-07-2007,129
06-07-2007,181
07-07-2007,80
08-07-2007,74
09-07-2007,102
10-07-2007,97
11-07-2007,80
12-07-2007,156
13-07-2007,148
14-07-2007,97
15-07-2007,48
16-07-2007,82
17-07-2007,103
18-07-2007,80
19-07-2007,97
20-07-2007,83
21-07-2007,61
22-07-2007,49
23-07-2007,127
24-07-2007,105
25-07-2007,118
26-07-2007,112
27-07-2007,56
28-07-2007,55
29-07-2007,49
30-07-2007,63
31-07-2007,99
01-08-2007,119
02-08-2007,76
03-08-2007,78
04-08-2007,73
05-08-2007,103
06-08-2007,100
07-08-2007,144
08-08-2007,91
09-08-2007,94
10-08-2007,69
11-08-2007,70
12-08-2007,79
13-08-2007,117
14-08-2007,138
15-08-2007,64
16-08-2007,51
17-08-2007,67
18-08-2007,61
19-08-2007,43
20-08-2007,78
21-08-2007,83
22-08-2007,102
23-08-2007,118
24-08-2007,83
25-08-2007,119
26-08-2007,86
27-08-2007,107
28-08-2007,75
29-08-2007,63
30-08-2007,98
31-08-2007,107
01-09-2007,92
02-09-2007,89
03-09-2007,109
04-09-2007,85
05-09-2007,126
06-09-2007,147
07-09-2007,225
08-09-2007,108
09-09-2007,134
10-09-2007,119
11-09-2007,117
12-09-2007,158
13-09-2007,174
14-09-2007,118
15-09-2007,135
16-09-2007,83
17-09-2007,100
18-09-2007,135
19-09-2007,138
20-09-2007,186
21-09-2007,177
22-09-2007,84
23-09-2007,106
24-09-2007,138
25-09-2007,122
26-09-2007,95
27-09-2007,115
28-09-2007,127
29-09-2007,118
30-09-2007,105
01-10-2007,147
02-10-2007,134
03-10-2007,157
04-10-2007,151
05-10-2007,163
06-10-2007,110
07-10-2007,124
08-10-2007,172
09-10-2007,133
10-10-2007,155
11-10-2007,178
12-10-2007,179
13-10-2007,158
14-10-2007,149
15-10-2007,206
16-10-2007,234
17-10-2007,272
18-10-2007,156
19-10-2007,168
20-10-2007,132
21-10-2007,122
22-10-2007,69
23-10-2007,105
24-10-2007,119
25-10-2007,90
26-10-2007,97
27-10-2007,82
28-10-2007,70
29-10-2007,119
30-10-2007,118
31-10-2007,129
01-11-2007,89
02-11-2007,151
03-11-2007,162
04-11-2007,111
05-11-2007,184
06-11-2007,178
07-11-2007,231
08-11-2007,235
09-11-2007,153
10-11-2007,162
11-11-2007,194
12-11-2007,277
13-11-2007,233
14-11-2007,226
15-11-2007,226
16-11-2007,211
17-11-2007,163
18-11-2007,174
19-11-2007,187
20-11-2007,250
21-11-2007,290
22-11-2007,258
23-11-2007,200
24-11-2007,199
25-11-2007,148
26-11-2007,276
27-11-2007,160
28-11-2007,226
29-11-2007,167
30-11-2007,240
01-12-2007,189
02-12-2007,227
03-12-2007,261
04-12-2007,198
05-12-2007,150
06-12-2007,200
07-12-2007,253
08-12-2007,219
09-12-2007,147
10-12-2007,312
11-12-2007,316
12-12-2007,176
13-12-2007,199
14-12-2007,187
15-12-2007,203
16-12-2007,206
17-12-2007,210
18-12-2007,178
19-12-2007,242
20-12-2007,238
21-12-2007,257
22-12-2007,245
23-12-2007,278
24-12-2007,311
25-12-2007,178
26-12-2007,136
27-12-2007,167
28-12-2007,148
29-12-2007,136
30-12-2007,174
31-12-2007,183
01-01-2008,103
02-01-2008,34
03-01-2008,99
04-01-2008,186
05-01-2008,113
06-01-2008,65
07-01-2008,198
08-01-2008,219
09-01-2008,243
10-01-2008,195
11-01-2008,187
12-01-2008,211
13-01-2008,165
14-01-2008,247
15-01-2008,225
16-01-2008,234
17-01-2008,195
18-01-2008,229
19-01-2008,229
20-01-2008,208
21-01-2008,349
22-01-2008,241
23-01-2008,159
24-01-2008,96
25-01-2008,220
26-01-2008,197
27-01-2008,266
28-01-2008,140
29-01-2008,177
30-01-2008,272
31-01-2008,225
01-02-2008,252
02-02-2008,171
03-02-2008,170
04-02-2008,214
05-02-2008,225
06-02-2008,179
07-02-2008,205
08-02-2008,160
09-02-2008,159
10-02-2008,165
11-02-2008,179
12-02-2008,173
13-02-2008,137
14-02-2008,200
15-02-2008,212
16-02-2008,132
17-02-2008,126
18-02-2008,208
19-02-2008,211
20-02-2008,250
21-02-2008,258
22-02-2008,229
23-02-2008,241
24-02-2008,166
25-02-2008,185
26-02-2008,231
27-02-2008,196
28-02-2008,204
01-03-2008,175
02-03-2008,142
03-03-2008,340
04-03-2008,217
05-03-2008,182
06-03-2008,126
07-03-2008,121
08-03-2008,126
09-03-2008,122
10-03-2008,91
11-03-2008,159
12-03-2008,154
13-03-2008,175
14-03-2008,147
15-03-2008,181
16-03-2008,109
17-03-2008,131
18-03-2008,112
19-03-2008,179
20-03-2008,94
21-03-2008,114
22-03-2008,123
23-03-2008,106
24-03-2008,138
25-03-2008,100
26-03-2008,131
27-03-2008,169
28-03-2008,110
29-03-2008,111
30-03-2008,90
31-03-2008,114
01-04-2008,99
02-04-2008,111
03-04-2008,88
04-04-2008,138
05-04-2008,103
06-04-2008,127
07-04-2008,149
08-04-2008,180
09-04-2008,116
10-04-2008,126
11-04-2008,142
12-04-2008,105
13-04-2008,111
14-04-2008,171
15-04-2008,147
16-04-2008,138
17-04-2008,135
18-04-2008,117
19-04-2008,105
20-04-2008,99
21-04-2008,135
22-04-2008,134
23-04-2008,102
24-04-2008,151
25-04-2008,104
26-04-2008,89
27-04-2008,69
28-04-2008,60
29-04-2008,123
30-04-2008,84
01-05-2008,31
02-05-2008,160
03-05-2008,122
04-05-2008,114
05-05-2008,90
06-05-2008,103
07-05-2008,156
08-05-2008,101
09-05-2008,181
10-05-2008,75
11-05-2008,61
12-05-2008,57
13-05-2008,79
14-05-2008,143
15-05-2008,116
16-05-2008,86
17-05-2008,75
18-05-2008,72
19-05-2008,114
20-05-2008,95
21-05-2008,112
22-05-2008,138
23-05-2008,164
24-05-2008,94
25-05-2008,80
26-05-2008,169
27-05-2008,72
28-05-2008,98
29-05-2008,93
30-05-2008,76
31-05-2008,73
01-06-2008,64
02-06-2008,82
03-06-2008,71
04-06-2008,56
05-06-2008,83
06-06-2008,75
07-06-2008,84
08-06-2008,56
09-06-2008,117
10-06-2008,101
11-06-2008,84
12-06-2008,74
13-06-2008,92
14-06-2008,89
15-06-2008,89
16-06-2008,38
17-06-2008,70
18-06-2008,67
19-06-2008,100
20-06-2008,79
21-06-2008,48
22-06-2008,41
23-06-2008,55
24-06-2008,62
25-06-2008,62
26-06-2008,53
27-06-2008,76
28-06-2008,63
29-06-2008,42
30-06-2008,68
01-07-2008,68
02-07-2008,67
03-07-2008,63
04-07-2008,72
05-07-2008,74
06-07-2008,78
07-07-2008,84
08-07-2008,88
09-07-2008,125
10-07-2008,90
11-07-2008,64
12-07-2008,52
13-07-2008,55
14-07-2008,84
15-07-2008,87
16-07-2008,110
17-07-2008,88
18-07-2008,87
19-07-2008,52
20-07-2008,42
21-07-2008,74
22-07-2008,66
23-07-2008,109
24-07-2008,111
25-07-2008,77
26-07-2008,90
27-07-2008,69
28-07-2008,101
29-07-2008,81
30-07-2008,72
31-07-2008,83
01-08-2008,79
02-08-2008,48
03-08-2008,55
04-08-2008,75
05-08-2008,93
06-08-2008,102
07-08-2008,66
08-08-2008,60
09-08-2008,49
10-08-2008,69
11-08-2008,80
12-08-2008,63
13-08-2008,62
14-08-2008,71
15-08-2008,42
16-08-2008,79
17-08-2008,61
18-08-2008,124
19-08-2008,92
20-08-2008,65
21-08-2008,61
22-08-2008,71
23-08-2008,77
24-08-2008,82
25-08-2008,99
26-08-2008,67
27-08-2008,73
28-08-2008,74
29-08-2008,65
30-08-2008,103
31-08-2008,53
01-09-2008,79
02-09-2008,75
03-09-2008,84
04-09-2008,80
05-09-2008,109
06-09-2008,77
07-09-2008,69
08-09-2008,107
09-09-2008,127
10-09-2008,86
11-09-2008,69
12-09-2008,103
13-09-2008,64
14-09-2008,75
15-09-2008,101
16-09-2008,113
17-09-2008,138
18-09-2008,123
19-09-2008,155
20-09-2008,132
21-09-2008,118
22-09-2008,132
23-09-2008,153
24-09-2008,149
25-09-2008,118
26-09-2008,149
27-09-2008,127
28-09-2008,133
29-09-2008,136
30-09-2008,149
01-10-2008,132
02-10-2008,171
03-10-2008,122
04-10-2008,119
05-10-2008,110
06-10-2008,216
07-10-2008,197
08-10-2008,187
09-10-2008,99
10-10-2008,105
11-10-2008,144
12-10-2008,114
13-10-2008,107
14-10-2008,163
15-10-2008,185
16-10-2008,163
17-10-2008,146
18-10-2008,125
19-10-2008,64
20-10-2008,118
21-10-2008,84
22-10-2008,80
23-10-2008,119
24-10-2008,133
25-10-2008,81
26-10-2008,62
27-10-2008,85
28-10-2008,79
29-10-2008,82
30-10-2008,119
31-10-2008,113
01-11-2008,102
02-11-2008,140
03-11-2008,144
04-11-2008,152
05-11-2008,127
06-11-2008,108
07-11-2008,125
08-11-2008,81
09-11-2008,129
10-11-2008,123
11-11-2008,146
12-11-2008,183
13-11-2008,198
14-11-2008,128
15-11-2008,139
16-11-2008,105
17-11-2008,146
18-11-2008,219
19-11-2008,243
20-11-2008,214
21-11-2008,273
22-11-2008,75
23-11-2008,162
24-11-2008,165
25-11-2008,239
26-11-2008,225
27-11-2008,231
28-11-2008,212
29-11-2008,184
30-11-2008,191
01-12-2008,224
02-12-2008,192
03-12-2008,116
04-12-2008,66
05-12-2008,142
06-12-2008,132
07-12-2008,92
08-12-2008,61
09-12-2008,78
10-12-2008,154
11-12-2008,191
12-12-2008,70
13-12-2008,151
14-12-2008,160
15-12-2008,132
16-12-2008,107
17-12-2008,157
18-12-2008,133
19-12-2008,200
20-12-2008,164
21-12-2008,122
22-12-2008,154
23-12-2008,162
24-12-2008,173
25-12-2008,157
26-12-2008,128
27-12-2008,128
28-12-2008,146
29-12-2008,219
30-12-2008,203
31-12-2008,209
01-01-2009,177
02-01-2009,228
03-01-2009,209
04-01-2009,123
05-01-2009,153
06-01-2009,138
07-01-2009,195
08-01-2009,241
09-01-2009,129
10-01-2009,181
11-01-2009,139
12-01-2009,166
13-01-2009,232
14-01-2009,154
15-01-2009,207
16-01-2009,175
17-01-2009,155
18-01-2009,167
19-01-2009,270
20-01-2009,235
21-01-2009,188
22-01-2009,70
23-01-2009,92
24-01-2009,168
25-01-2009,132
26-01-2009,235
27-01-2009,265
28-01-2009,144
29-01-2009,161
30-01-2009,189
31-01-2009,132
01-02-2009,130
02-02-2009,166
03-02-2009,170
04-02-2009,183
05-02-2009,312
06-02-2009,264
07-02-2009,141
08-02-2009,83
09-02-2009,174
10-02-2009,170
11-02-2009,208
12-02-2009,167
13-02-2009,179
14-02-2009,148
15-02-2009,122
16-02-2009,181
17-02-2009,151
18-02-2009,188
19-02-2009,165
20-02-2009,128
21-02-2009,153
22-02-2009,132
23-02-2009,179
24-02-2009,212
25-02-2009,123
26-02-2009,158
27-02-2009,181
28-02-2009,123
01-03-2009,128
02-03-2009,141
03-03-2009,138
04-03-2009,129
05-03-2009,70
06-03-2009,104
07-03-2009,71
08-03-2009,97
09-03-2009,153
10-03-2009,131
11-03-2009,154
12-03-2009,130
13-03-2009,149
14-03-2009,116
15-03-2009,95
16-03-2009,187
17-03-2009,127
18-03-2009,133
19-03-2009,137
20-03-2009,129
21-03-2009,66
22-03-2009,137
23-03-2009,138
24-03-2009,166
25-03-2009,178
26-03-2009,163
27-03-2009,150
28-03-2009,114
29-03-2009,105
30-03-2009,142
31-03-2009,166
01-04-2009,138
02-04-2009,108
03-04-2009,106
04-04-2009,117
05-04-2009,114
06-04-2009,175
07-04-2009,132
08-04-2009,141
09-04-2009,170
10-04-2009,134
11-04-2009,110
12-04-2009,47
13-04-2009,120
14-04-2009,153
15-04-2009,130
16-04-2009,150
17-04-2009,107
18-04-2009,70
19-04-2009,60
20-04-2009,57
21-04-2009,115
22-04-2009,134
23-04-2009,79
24-04-2009,79
25-04-2009,127
26-04-2009,100
27-04-2009,113
28-04-2009,113
29-04-2009,139
30-04-2009,132
01-05-2009,52
02-05-2009,116
03-05-2009,91
04-05-2009,95
05-05-2009,155
06-05-2009,128
07-05-2009,164
08-05-2009,124
09-05-2009,105
10-05-2009,81
11-05-2009,116
12-05-2009,169
13-05-2009,138
14-05-2009,111
15-05-2009,109
16-05-2009,77
17-05-2009,78
18-05-2009,128
19-05-2009,89
20-05-2009,105
21-05-2009,85
22-05-2009,82
23-05-2009,115
24-05-2009,74
25-05-2009,143
26-05-2009,70
27-05-2009,83
28-05-2009,85
29-05-2009,162
30-05-2009,97
31-05-2009,70
01-06-2009,91
02-06-2009,87
03-06-2009,126
04-06-2009,93
05-06-2009,95
06-06-2009,61
07-06-2009,49
08-06-2009,69
09-06-2009,87
10-06-2009,90
11-06-2009,85
12-06-2009,149
13-06-2009,72
14-06-2009,66
15-06-2009,88
16-06-2009,113
17-06-2009,105
18-06-2009,93
19-06-2009,84
20-06-2009,66
21-06-2009,51
22-06-2009,118
23-06-2009,82
24-06-2009,108
25-06-2009,114
26-06-2009,80
27-06-2009,74
28-06-2009,57
29-06-2009,89
30-06-2009,96
01-07-2009,105
02-07-2009,79
03-07-2009,77
04-07-2009,86
05-07-2009,65
06-07-2009,81
07-07-2009,61
08-07-2009,82
09-07-2009,99
10-07-2009,72
11-07-2009,68
12-07-2009,75
13-07-2009,133
14-07-2009,104
15-07-2009,91
16-07-2009,94
17-07-2009,82
18-07-2009,59
19-07-2009,53
20-07-2009,134
21-07-2009,115
22-07-2009,80
23-07-2009,84
24-07-2009,90
25-07-2009,67
26-07-2009,77
27-07-2009,106
28-07-2009,84
29-07-2009,76
30-07-2009,64
31-07-2009,99
01-08-2009,64
02-08-2009,44
03-08-2009,106
04-08-2009,78
05-08-2009,80
06-08-2009,139
07-08-2009,127
08-08-2009,67
09-08-2009,50
10-08-2009,80
11-08-2009,73
12-08-2009,98
13-08-2009,75
14-08-2009,88
15-08-2009,84
16-08-2009,82
17-08-2009,68
18-08-2009,76
19-08-2009,157
20-08-2009,97
21-08-2009,69
22-08-2009,55
23-08-2009,52
24-08-2009,80
25-08-2009,98
26-08-2009,90
27-08-2009,88
28-08-2009,99
29-08-2009,73
30-08-2009,121
31-08-2009,148
01-09-2009,87
02-09-2009,77
03-09-2009,73
04-09-2009,119
05-09-2009,82
06-09-2009,109
07-09-2009,156
08-09-2009,191
09-09-2009,153
10-09-2009,105
11-09-2009,190
12-09-2009,167
13-09-2009,109
14-09-2009,129
15-09-2009,111
16-09-2009,106
17-09-2009,105
18-09-2009,138
19-09-2009,109
20-09-2009,58
21-09-2009,135
22-09-2009,87
23-09-2009,127
24-09-2009,122
25-09-2009,86
26-09-2009,115
27-09-2009,75
28-09-2009,117
29-09-2009,117
30-09-2009,186
01-10-2009,127
02-10-2009,141
03-10-2009,97
04-10-2009,140
05-10-2009,150
06-10-2009,134
07-10-2009,140
08-10-2009,178
09-10-2009,185
10-10-2009,123
11-10-2009,79
12-10-2009,96
13-10-2009,105
14-10-2009,151
15-10-2009,150
16-10-2009,195
17-10-2009,136
18-10-2009,116
19-10-2009,141
20-10-2009,185
21-10-2009,195
22-10-2009,165
23-10-2009,167
24-10-2009,98
25-10-2009,99
26-10-2009,89
27-10-2009,117
28-10-2009,116
29-10-2009,198
30-10-2009,184
31-10-2009,176
01-11-2009,148
02-11-2009,137
03-11-2009,151
04-11-2009,249
05-11-2009,246
06-11-2009,149
07-11-2009,92
08-11-2009,48
09-11-2009,100
10-11-2009,74
11-11-2009,194
12-11-2009,183
13-11-2009,253
14-11-2009,206
15-11-2009,184
16-11-2009,200
17-11-2009,201
18-11-2009,200
19-11-2009,210
20-11-2009,283
21-11-2009,216
22-11-2009,231
23-11-2009,288
24-11-2009,278
25-11-2009,268
26-11-2009,307
27-11-2009,218
28-11-2009,205
29-11-2009,232
30-11-2009,261
01-12-2009,183
02-12-2009,109
03-12-2009,154
04-12-2009,183
05-12-2009,132
06-12-2009,110
07-12-2009,134
08-12-2009,159
09-12-2009,99
10-12-2009,168
11-12-2009,164
12-12-2009,120
13-12-2009,135
14-12-2009,106
15-12-2009,178
16-12-2009,166
17-12-2009,193
18-12-2009,221
19-12-2009,230
20-12-2009,198
21-12-2009,257
22-12-2009,291
23-12-2009,296
24-12-2009,273
25-12-2009,179
26-12-2009,231
27-12-2009,212
28-12-2009,168
29-12-2009,168
30-12-2009,191
31-12-2009,150
